date,ES,NQ,ZN
2014-07-23,0.0,0.0,0.0
2014-07-24,0.0,0.0,0.0
2014-07-25,0.0,0.0,0.0
2014-07-28,0.0,0.0,0.0
2014-07-29,0.0,0.0,0.0
2014-08-05,0.0,0.0,0.0
2014-08-06,0.0,0.0,0.0
2014-08-07,0.0,0.0,0.0
2014-08-08,0.0,0.0,0.0
2014-08-11,0.0,0.0,0.0
2014-08-12,0.0,0.0,0.0
2014-08-13,0.0,0.0,0.0
2014-08-18,0.0,0.0,0.0
2014-08-20,0.0,0.0,0.0
2014-08-22,0.0,0.0,0.0
2014-08-26,0.0,0.0,0.0
2014-08-27,0.0,0.0,0.0
2014-09-02,0.0,0.0,0.0
2014-09-03,0.0,0.0,0.0
2014-09-04,0.0,0.0,0.0
2014-09-05,0.0,0.0,0.0
2014-09-09,0.0,0.0,0.0
2014-09-10,0.0,0.0,0.0
2014-09-11,0.0,0.0,0.0
2014-09-12,0.0,0.0,0.0
2014-09-17,0.0,0.0,0.0
2014-09-22,0.0,0.0,0.0
2014-09-23,0.0,0.0,0.0
2014-09-24,0.0,0.0,0.0
2014-09-26,0.0,0.0,0.0
2014-10-08,0.0,0.0,0.0
2014-10-09,0.0,0.0,0.0
2014-10-10,0.0,0.0,0.0
2014-10-13,0.0,0.0,0.0
2014-10-15,0.0,0.0,0.0
2014-10-16,0.0,0.0,0.0
2014-10-22,0.0,0.0,0.0
2014-10-23,0.0,0.0,0.0
2014-10-24,0.0,0.0,0.0
2014-10-27,0.0,0.0,0.0
2014-10-28,0.0,0.0,0.0
2014-10-29,0.0,0.0,0.0
2014-11-04,0.0,0.0,0.0
2014-11-05,0.0,0.0,0.0
2014-11-06,0.0,0.0,0.0
2014-11-07,0.0,0.0,0.0
2014-11-10,0.0,0.0,0.0
2014-11-11,0.0,0.0,0.0
2014-11-12,0.0,0.0,0.0
2014-11-13,0.0,0.0,0.0
2014-11-14,0.0,0.0,0.0
2014-11-24,0.0,0.0,0.0
2014-11-25,0.0,0.0,0.0
2014-11-26,0.0,0.0,0.0
2014-12-01,0.0,0.0,0.0
2014-12-02,0.0,0.0,0.0
2014-12-03,0.0,0.0,0.0
2014-12-04,0.0,0.0,0.0
2014-12-05,0.0,0.0,0.0
2014-12-09,0.0,0.0,0.0
2014-12-10,0.0,0.0,0.0
2014-12-11,0.0,0.0,0.0
2014-12-17,0.0,0.0,0.0
2014-12-22,0.0,0.0,0.0
2014-12-23,0.0,0.0,0.0
2014-12-29,0.0,0.0,0.0
2015-01-05,0.0,0.0,0.0
2015-01-06,0.0,0.0,0.0
2015-01-07,0.0,0.0,0.0
2015-01-08,0.0,0.0,0.0
2015-01-09,0.0,0.0,0.0
2015-01-12,0.0,0.0,0.0
2015-01-13,0.0,0.0,0.0
2015-01-14,0.0,0.0,0.0
2015-01-15,0.0,0.0,0.0
2015-01-21,0.0,0.0,0.0
2015-01-22,0.0,0.0,0.0
2015-01-23,0.0,0.0,0.0
2015-01-26,0.0,0.0,0.0
2015-01-27,0.0,0.0,0.0
2015-01-28,0.0,0.0,0.0
2015-02-02,0.0,0.0,0.0
2015-02-03,0.0,0.0,0.0
2015-02-04,0.0,0.0,0.0
2015-02-05,0.0,0.0,0.0
2015-02-06,0.0,0.0,0.0
2015-02-10,0.0,0.0,0.0
2015-02-11,0.0,0.0,0.0
2015-02-12,0.0,0.0,0.0
2015-02-25,0.0,0.0,0.0
2015-03-03,0.0,0.0,0.0
2015-03-04,0.0,0.0,0.0
2015-03-05,0.0,0.0,0.0
2015-03-06,0.0,0.0,0.0
2015-03-09,0.0,0.0,0.0
2015-03-10,0.0,0.0,0.0
2015-03-11,0.0,0.0,0.0
2015-03-12,0.0,0.0,0.0
2015-03-13,0.0,0.0,0.0
2015-03-18,0.0,0.0,0.0
2015-03-23,0.0,0.0,0.0
2015-03-24,0.0,0.0,0.0
2015-03-25,0.0,0.0,0.0
2015-03-27,0.0,0.0,0.0
2015-04-01,0.0,0.0,0.0
2015-04-02,0.0,0.0,0.0
2015-04-07,0.0,0.0,0.0
2015-04-08,0.0,0.0,0.0
2015-04-09,0.0,0.0,0.0
2015-04-10,0.0,0.0,0.0
2015-04-13,0.0,0.0,0.0
2015-04-16,0.0,0.0,0.0
2015-04-21,0.0,0.0,0.0
2015-04-23,0.0,0.0,0.0
2015-04-27,0.0,0.0,0.0
2015-04-28,0.0,0.0,0.0
2015-05-05,0.0,0.0,0.0
2015-05-06,0.0,0.0,0.0
2015-05-07,0.0,0.0,0.0
2015-05-08,0.0,0.0,0.0
2015-05-11,0.0,0.0,0.0
2015-05-12,0.0,0.0,0.0
2015-05-13,0.0,0.0,0.0
2015-05-20,0.0,0.0,0.0
2015-05-21,0.0,0.0,0.0
2015-05-22,0.0,0.0,0.0
2015-05-27,0.0,0.0,0.0
2015-06-01,0.0,0.0,0.0
2015-06-02,0.0,0.0,0.0
2015-06-03,0.0,0.0,0.0
2015-06-04,0.0,0.0,0.0
2015-06-05,0.0,0.0,0.0
2015-06-09,0.0,0.0,0.0
2015-06-10,0.0,0.0,0.0
2015-06-11,0.0,0.0,0.0
2015-06-17,0.0,0.0,0.0
2015-06-23,0.0,0.0,0.0
2015-06-25,0.0,0.0,0.0
2015-06-26,0.0,0.0,0.0
2015-07-02,0.0,0.0,0.0
2015-07-06,0.0,0.0,0.0
2015-07-07,0.0,0.0,0.0
2015-07-08,0.0,0.0,0.0
2015-07-09,0.0,0.0,0.0
2015-07-10,0.0,0.0,0.0
2015-07-13,0.0,0.0,0.0
2015-07-14,0.0,0.0,0.0
2015-07-22,0.0,0.0,0.0
2015-07-23,0.0,0.0,0.0
2015-07-24,0.0,0.0,0.0
2015-07-27,0.0,0.0,0.0
2015-07-28,0.0,0.0,0.0
2015-07-29,0.0,0.0,0.0
2015-08-03,0.0,0.0,0.0
2015-08-04,0.0,0.0,0.0
2015-08-05,0.0,0.0,0.0
2015-08-06,0.0,0.0,0.0
2015-08-07,0.0,0.0,0.0
2015-08-11,0.0,0.0,0.0
2015-08-12,0.0,0.0,0.0
2015-08-13,0.0,0.0,0.0
2015-08-17,0.0,0.0,0.0
2015-08-20,0.0,0.0,0.0
2015-08-24,0.0,0.0,0.0
2015-08-25,0.0,0.0,0.0
2015-08-26,0.0,0.0,0.0
2015-09-02,0.0,0.0,0.0
2015-09-08,0.0,0.0,0.0
2015-09-09,0.0,0.0,0.0
2015-09-10,0.0,0.0,0.0
2015-09-11,0.0,0.0,0.0
2015-09-16,0.0,0.0,0.0
2015-09-22,0.0,0.0,0.0
2015-09-23,0.0,0.0,0.0
2015-09-25,0.0,0.0,0.0
2015-09-28,0.0,0.0,0.0
2015-10-08,0.0,0.0,0.0
2015-10-09,0.0,0.0,0.0
2015-10-12,0.0,0.0,0.0
2015-10-13,0.0,0.0,0.0
2015-10-15,0.0,0.0,0.0
2015-10-21,0.0,0.0,0.0
2015-10-22,0.0,0.0,0.0
2015-10-23,0.0,0.0,0.0
2015-10-26,0.0,0.0,0.0
2015-10-27,0.0,0.0,0.0
2015-10-28,0.0,0.0,0.0
2015-11-03,0.0,0.0,0.0
2015-11-04,0.0,0.0,0.0
2015-11-05,0.0,0.0,0.0
2015-11-06,0.0,0.0,0.0
2015-11-09,0.0,0.0,0.0
2015-11-10,0.0,0.0,0.0
2015-11-11,0.0,0.0,0.0
2015-11-12,0.0,0.0,0.0
2015-11-13,0.0,0.0,0.0
2015-11-18,0.0,0.0,0.0
2015-11-24,0.0,0.0,0.0
2015-11-25,0.0,0.0,0.0
2015-12-01,0.0,0.0,0.0
2015-12-02,0.0,0.0,0.0
2015-12-03,0.0,0.0,0.0
2015-12-04,0.0,0.0,0.0
2015-12-08,0.0,0.0,0.0
2015-12-09,0.0,0.0,0.0
2015-12-10,0.0,0.0,0.0
2015-12-11,0.0,0.0,0.0
2015-12-16,0.0,0.0,0.0
2015-12-21,0.0,0.0,0.0
2015-12-22,0.0,0.0,0.0
2015-12-23,0.0,0.0,0.0
2015-12-29,0.0,0.0,0.0
2016-01-05,0.0,0.0,0.0
2016-01-06,0.0,0.0,0.0
2016-01-07,0.0,0.0,0.0
2016-01-08,0.0,0.0,0.0
2016-01-11,0.0,0.0,0.0
2016-01-12,0.0,0.0,0.0
2016-01-13,0.0,0.0,0.0
2016-01-14,0.0,0.0,0.0
2016-01-20,0.0,0.0,0.0
2016-01-21,0.0,0.0,0.0
2016-01-22,0.0,0.0,0.0
2016-01-25,0.0,0.0,0.0
2016-01-26,0.0,0.0,0.0
2016-01-27,0.0,0.0,0.0
2016-02-01,0.0,0.0,0.0
2016-02-02,0.0,0.0,0.0
2016-02-03,0.0,0.0,0.0
2016-02-04,0.0,0.0,0.0
2016-02-05,0.0,0.0,0.0
2016-02-17,0.0,0.0,0.0
2016-02-18,0.0,0.0,0.0
2016-02-22,0.0,0.0,0.0
2016-02-24,0.0,0.0,0.0
2016-02-25,0.0,0.0,0.0
2016-03-02,0.0,0.0,0.0
2016-03-03,0.0,0.0,0.0
2016-03-04,0.0,0.0,0.0
2016-03-07,0.0,0.0,0.0
2016-03-08,0.0,0.0,0.0
2016-03-09,0.0,0.0,0.0
2016-03-10,0.0,0.0,0.0
2016-03-11,0.0,0.0,0.0
2016-03-16,0.0,0.0,0.0
2016-03-21,0.0,0.0,0.0
2016-03-22,0.0,0.0,0.0
2016-03-23,0.0,0.0,0.0
2016-03-24,0.0,0.0,0.0
2016-04-01,0.0,0.0,0.0
2016-04-05,0.0,0.0,0.0
2016-04-06,0.0,0.0,0.0
2016-04-07,0.0,0.0,0.0
2016-04-08,0.0,0.0,0.0
2016-04-11,0.0,0.0,0.0
2016-04-12,0.0,0.0,0.0
2016-04-13,0.0,0.0,0.0
2016-04-18,0.0,0.0,0.0
2016-04-20,0.0,0.0,0.0
2016-04-22,0.0,0.0,0.0
2016-04-26,0.0,0.0,0.0
2016-04-27,0.0,0.0,0.0
2016-05-04,0.0,0.0,0.0
2016-05-06,0.0,0.0,0.0
2016-05-09,0.0,0.0,0.0
2016-05-10,0.0,0.0,0.0
2016-05-11,0.0,0.0,0.0
2016-05-12,0.0,0.0,0.0
2016-05-13,0.0,0.0,0.0
2016-05-18,0.0,0.0,0.0
2016-05-23,0.0,0.0,0.0
2016-05-24,0.0,0.0,0.0
2016-05-25,0.0,0.0,0.0
2016-05-27,0.0,0.0,0.0
2016-06-01,0.0,0.0,0.0
2016-06-02,0.0,0.0,0.0
2016-06-03,0.0,0.0,0.0
2016-06-07,0.0,0.0,0.0
2016-06-08,0.0,0.0,0.0
2016-06-15,0.0,0.0,0.0
2016-06-21,0.0,0.0,0.0
2016-06-23,0.0,0.0,0.0
2016-06-27,0.0,0.0,0.0
2016-06-28,0.0,0.0,0.0
2016-07-05,0.0,0.0,0.0
2016-07-06,0.0,0.0,0.0
2016-07-07,0.0,0.0,0.0
2016-07-08,0.0,0.0,0.0
2016-07-11,0.0,0.0,0.0
2016-07-12,0.0,0.0,0.0
2016-07-13,0.0,0.0,0.0
2016-07-14,0.0,0.0,0.0
2016-07-20,0.0,0.0,0.0
2016-07-21,0.0,0.0,0.0
2016-07-22,0.0,0.0,0.0
2016-07-25,0.0,0.0,0.0
2016-07-26,0.0,0.0,0.0
2016-07-27,0.0,0.0,0.0
2016-08-02,0.0,0.0,0.0
2016-08-03,0.0,0.0,0.0
2016-08-04,0.0,0.0,0.0
2016-08-05,0.0,0.0,0.0
2016-08-09,0.0,0.0,0.0
2016-08-10,0.0,0.0,0.0
2016-08-11,0.0,0.0,0.0
2016-08-15,0.0,0.0,0.0
2016-08-17,0.0,0.0,0.0
2016-08-18,0.0,0.0,0.0
2016-08-22,0.0,0.0,0.0
2016-08-24,0.0,0.0,0.0
2016-08-26,0.0,0.0,0.0
2016-09-02,0.0,0.0,0.0
2016-09-06,0.0,0.0,0.0
2016-09-07,0.0,0.0,0.0
2016-09-08,0.0,0.0,0.0
2016-09-09,0.0,0.0,0.0
2016-09-12,0.0,0.0,0.0
2016-09-13,0.0,0.0,0.0
2016-09-14,0.0,0.0,0.0
2016-09-21,0.0,0.0,0.0
2016-09-22,0.0,0.0,0.0
2016-09-23,0.0,0.0,0.0
2016-09-26,0.0,0.0,0.0
2016-09-27,0.0,0.0,0.0
2016-09-28,0.0,0.0,0.0
2016-10-04,0.0,0.0,0.0
2016-10-05,0.0,0.0,0.0
2016-10-06,0.0,0.0,0.0
2016-10-07,0.0,0.0,0.0
2016-10-11,0.0,0.0,0.0
2016-10-12,0.0,0.0,0.0
2016-10-13,0.0,0.0,0.0
2016-10-17,0.0,0.0,0.0
2016-10-20,0.0,0.0,0.0
2016-10-24,0.0,0.0,0.0
2016-10-25,0.0,0.0,0.0
2016-10-26,0.0,0.0,0.0
2016-11-02,0.0,0.0,0.0
2016-11-03,0.0,0.0,0.0
2016-11-04,0.0,0.0,0.0
2016-11-07,0.0,0.0,0.0
2016-11-08,0.0,0.0,0.0
2016-11-09,0.0,0.0,0.0
2016-11-10,0.0,0.0,0.0
2016-11-11,0.0,0.0,0.0
2016-11-14,0.0,0.0,0.0
2016-11-16,0.0,0.0,0.0
2016-11-22,0.0,0.0,0.0
2016-11-25,0.0,0.0,0.0
2016-11-28,0.0,0.0,0.0
2016-12-01,0.0,0.0,0.0
2016-12-02,0.0,0.0,0.0
2016-12-06,0.0,0.0,0.0
2016-12-07,0.0,0.0,0.0
2016-12-08,0.0,0.0,0.0
2016-12-09,0.0,0.0,0.0
2016-12-12,0.0,0.0,0.0
2016-12-13,0.0,0.0,0.0
2016-12-21,0.0,0.0,0.0
2016-12-22,0.0,0.0,0.0
2016-12-23,0.0,0.0,0.0
2016-12-28,0.0,0.0,0.0
2017-01-04,0.0,0.0,0.0
2017-01-05,0.0,0.0,0.0
2017-01-06,0.0,0.0,0.0
2017-01-09,0.0,0.0,0.0
2017-01-10,0.0,0.0,0.0
2017-01-11,0.0,0.0,0.0
2017-01-12,0.0,0.0,0.0
2017-01-13,0.0,0.0,0.0
2017-01-18,0.0,0.0,0.0
2017-01-23,0.0,0.0,0.0
2017-01-24,0.0,0.0,0.0
2017-01-25,0.0,0.0,0.0
2017-01-27,0.0,0.0,0.0
2017-01-30,0.0,0.0,0.0
2017-02-01,0.0,0.0,0.0
2017-02-02,0.0,0.0,0.0
2017-02-03,0.0,0.0,0.0
2017-02-07,0.0,0.0,0.0
2017-02-08,0.0,0.0,0.0
2017-02-09,0.0,0.0,0.0
2017-02-10,0.0,0.0,0.0
2017-02-15,0.7770690420692496,1.8995021028359442,0.05756066978290735
2017-02-16,0.7770690420692496,1.8995021028359442,0.05756066978290735
2017-02-21,2.254491154818436,5.32404412084354,0.2172504893179042
2017-02-23,2.254491154818436,5.32404412084354,0.2172504893179042
2017-02-24,2.254491154818436,5.32404412084354,0.2172504893179042
2017-03-02,2.254491154818436,5.32404412084354,0.2172504893179042
2017-03-03,2.254491154818436,5.32404412084354,0.2172504893179042
2017-03-06,2.254491154818436,5.32404412084354,0.2172504893179042
2017-03-07,2.254491154818436,5.32404412084354,0.2172504893179042
2017-03-08,2.254491154818436,5.32404412084354,0.2172504893179042
2017-03-09,2.254491154818436,5.32404412084354,0.2172504893179042
2017-03-10,2.254491154818436,5.32404412084354,0.2172504893179042
2017-03-15,2.254491154818436,5.32404412084354,0.2172504893179042
2017-03-22,2.254491154818436,5.32404412084354,0.2172504893179042
2017-03-23,2.254491154818436,5.32404412084354,0.2172504893179042
2017-03-24,2.254491154818436,5.32404412084354,0.2172504893179042
2017-03-27,2.254491154818436,5.32404412084354,0.2172504893179042
2017-03-28,2.254491154818436,5.32404412084354,0.2172504893179042
2017-03-29,2.254491154818436,5.32404412084354,0.2172504893179042
2017-04-03,2.254491154818436,5.32404412084354,0.2172504893179042
2017-04-04,2.254491154818436,5.32404412084354,0.2172504893179042
2017-04-05,2.254491154818436,5.32404412084354,0.2172504893179042
2017-04-06,2.254491154818436,5.32404412084354,0.2172504893179042
2017-04-07,2.254491154818436,5.32404412084354,0.2172504893179042
2017-04-11,2.254491154818436,5.32404412084354,0.2172504893179042
2017-04-12,2.254491154818436,5.32404412084354,0.2172504893179042
2017-04-13,2.254491154818436,5.32404412084354,0.2172504893179042
2017-04-25,2.254491154818436,5.32404412084354,0.2172504893179042
2017-04-26,2.254491154818436,5.32404412084354,0.2172504893179042
2017-05-03,2.254491154818436,5.32404412084354,0.2172504893179042
2017-05-04,2.254491154818436,5.32404412084354,0.2172504893179042
2017-05-05,2.254491154818436,5.32404412084354,0.2172504893179042
2017-05-08,2.254491154818436,5.32404412084354,0.2172504893179042
2017-05-09,2.254491154818436,5.32404412084354,0.2172504893179042
2017-05-10,2.254491154818436,5.32404412084354,0.2172504893179042
2017-05-11,2.254491154818436,5.32404412084354,0.2172504893179042
2017-05-12,2.254491154818436,5.32404412084354,0.2172504893179042
2017-05-15,2.254491154818436,5.32404412084354,0.2172504893179042
2017-05-17,2.254491154818436,5.32404412084354,0.2172504893179042
2017-05-18,2.254491154818436,5.32404412084354,0.2172504893179042
2017-05-22,2.254491154818436,5.32404412084354,0.2172504893179042
2017-05-23,2.254491154818436,5.32404412084354,0.2172504893179042
2017-05-24,2.254491154818436,5.32404412084354,0.2172504893179042
2017-05-26,2.254491154818436,5.32404412084354,0.2172504893179042
2017-05-30,2.254491154818436,5.32404412084354,0.2172504893179042
2017-06-01,2.254491154818436,5.32404412084354,0.2172504893179042
2017-06-02,2.254491154818436,5.32404412084354,0.2172504893179042
2017-06-06,2.254491154818436,5.32404412084354,0.2172504893179042
2017-06-07,2.254491154818436,5.32404412084354,0.2172504893179042
2017-06-08,2.254491154818436,5.32404412084354,0.2172504893179042
2017-06-09,2.254491154818436,5.32404412084354,0.2172504893179042
2017-06-12,2.254491154818436,5.32404412084354,0.2172504893179042
2017-06-13,2.254491154818436,5.32404412084354,0.2172504893179042
2017-06-21,2.254491154818436,5.32404412084354,0.2172504893179042
2017-06-23,2.254491154818436,5.32404412084354,0.2172504893179042
2017-06-27,2.254491154818436,5.32404412084354,0.2172504893179042
2017-06-28,2.254491154818436,5.32404412084354,0.2172504893179042
2017-07-05,2.254491154818436,5.32404412084354,0.2172504893179042
2017-07-06,2.254491154818436,5.32404412084354,0.2172504893179042
2017-07-07,2.254491154818436,5.32404412084354,0.2172504893179042
2017-07-10,2.254491154818436,5.32404412084354,0.2172504893179042
2017-07-11,2.254491154818436,5.32404412084354,0.2172504893179042
2017-07-12,2.254491154818436,5.32404412084354,0.2172504893179042
2017-07-13,2.254491154818436,5.32404412084354,0.2172504893179042
2017-07-14,2.254491154818436,5.32404412084354,0.2172504893179042
2017-07-20,2.254491154818436,5.32404412084354,0.2172504893179042
2017-07-24,2.254491154818436,5.32404412084354,0.2172504893179042
2017-07-25,2.254491154818436,5.32404412084354,0.2172504893179042
2017-07-26,2.254491154818436,5.32404412084354,0.2172504893179042
2017-07-27,2.254491154818436,5.32404412084354,0.2172504893179042
2017-08-02,2.254491154818436,5.32404412084354,0.2172504893179042
2017-08-03,2.254491154818436,5.32404412084354,0.2172504893179042
2017-08-04,2.254491154818436,5.32404412084354,0.2172504893179042
2017-08-08,2.254491154818436,5.32404412084354,0.2172504893179042
2017-08-09,2.254491154818436,5.32404412084354,0.2172504893179042
2017-08-10,2.254491154818436,5.32404412084354,0.2172504893179042
2017-08-11,2.254491154818436,5.32404412084354,0.2172504893179042
2017-08-16,2.254491154818436,5.32404412084354,0.2172504893179042
2017-08-17,2.254491154818436,5.32404412084354,0.2172504893179042
2017-08-22,2.254491154818436,5.32404412084354,0.2172504893179042
2017-08-24,2.254491154818436,5.32404412084354,0.2172504893179042
2017-08-25,2.254491154818436,5.32404412084354,0.2172504893179042
2017-08-29,2.254491154818436,5.32404412084354,0.2172504893179042
2017-09-05,2.254491154818436,5.32404412084354,0.2172504893179042
2017-09-06,2.254491154818436,5.32404412084354,0.2172504893179042
2017-09-07,2.254491154818436,5.32404412084354,0.2172504893179042
2017-09-08,2.254491154818436,5.32404412084354,0.2172504893179042
2017-09-11,2.254491154818436,5.32404412084354,0.2172504893179042
2017-09-12,2.254491154818436,5.32404412084354,0.2172504893179042
2017-09-13,2.254491154818436,5.32404412084354,0.2172504893179042
2017-09-20,2.254491154818436,5.32404412084354,0.2172504893179042
2017-09-21,2.254491154818436,5.32404412084354,0.2172504893179042
2017-09-22,2.254491154818436,5.32404412084354,0.2172504893179042
2017-09-25,2.254491154818436,5.32404412084354,0.2172504893179042
2017-09-26,2.254491154818436,5.32404412084354,0.2172504893179042
2017-09-27,2.254491154818436,5.32404412084354,0.2172504893179042
2017-10-02,2.254491154818436,5.32404412084354,0.2172504893179042
2017-10-04,2.254491154818436,5.32404412084354,0.2172504893179042
2017-10-05,2.254491154818436,5.32404412084354,0.2172504893179042
2017-10-06,2.254491154818436,5.32404412084354,0.2172504893179042
2017-10-10,2.254491154818436,5.32404412084354,0.2172504893179042
2017-10-11,2.254491154818436,5.32404412084354,0.2172504893179042
2017-10-12,2.254491154818436,5.32404412084354,0.2172504893179042
2017-10-16,2.254491154818436,5.32404412084354,0.2172504893179042
2017-10-18,2.254491154818436,5.32404412084354,0.2172504893179042
2017-10-23,2.254491154818436,5.32404412084354,0.2172504893179042
2017-10-24,2.254491154818436,5.32404412084354,0.2172504893179042
2017-10-25,2.254491154818436,5.32404412084354,0.2172504893179042
2017-10-27,2.254491154818436,5.32404412084354,0.2172504893179042
2017-11-02,4.082036186427403,6.771151533702384,0.8100201385344183
2017-11-03,5.3935619026906,7.911185964832981,1.235417392950263
2017-11-06,7.367903977651567,10.395712898150101,2.0091249586968507
2017-11-07,8.64014974393165,11.532201551480394,2.5362556956901523
2017-11-08,10.20495116250612,13.117208772731493,3.184601280233237
2017-11-09,10.742657013870252,13.950718801378379,3.441818131972662
2017-11-10,10.988702558992633,14.256583920314608,3.4839807665435445
2017-11-13,11.119421353431173,14.328145436429223,3.497441035645226
2017-11-20,11.119421353431173,14.328145436429223,3.497441035645226
2017-11-22,11.119421353431173,14.328145436429223,3.497441035645226
2017-11-27,11.119421353431173,14.328145436429223,3.497441035645226
2017-11-28,11.119421353431173,14.328145436429223,3.497441035645226
2017-12-01,11.119421353431173,14.328145436429223,3.497441035645226
2017-12-05,11.119421353431173,14.328145436429223,3.497441035645226
2017-12-06,11.119421353431173,14.328145436429223,3.497441035645226
2017-12-07,11.119421353431173,14.328145436429223,3.497441035645226
2017-12-08,11.119421353431173,14.328145436429223,3.497441035645226
2017-12-11,11.119421353431173,14.328145436429223,3.497441035645226
2017-12-12,11.119421353431173,14.328145436429223,3.497441035645226
2017-12-13,11.119421353431173,14.328145436429223,3.497441035645226
2017-12-20,11.119421353431173,14.328145436429223,3.497441035645226
2017-12-21,11.119421353431173,14.328145436429223,3.497441035645226
2017-12-22,11.119421353431173,14.328145436429223,3.497441035645226
2017-12-27,11.119421353431173,14.328145436429223,3.497441035645226
2018-01-03,11.119421353431173,14.328145436429223,3.497441035645226
2018-01-04,11.119421353431173,14.328145436429223,3.497441035645226
2018-01-05,11.119421353431173,14.328145436429223,3.497441035645226
2018-01-08,11.119421353431173,14.328145436429223,3.497441035645226
2018-01-09,11.119421353431173,14.328145436429223,3.497441035645226
2018-01-10,11.119421353431173,14.328145436429223,3.497441035645226
2018-01-11,11.119421353431173,14.328145436429223,3.497441035645226
2018-01-12,11.119421353431173,14.328145436429223,3.497441035645226
2018-01-17,11.119421353431173,14.328145436429223,3.497441035645226
2018-01-18,11.119421353431173,14.328145436429223,3.497441035645226
2018-01-22,11.119421353431173,14.328145436429223,3.497441035645226
2018-01-23,11.119421353431173,14.328145436429223,3.497441035645226
2018-01-24,11.119421353431173,14.328145436429223,3.497441035645226
2018-01-26,11.119421353431173,14.328145436429223,3.497441035645226
2018-01-29,11.119421353431173,14.328145436429223,3.497441035645226
2018-02-01,11.119421353431173,14.328145436429223,3.497441035645226
2018-02-02,11.119421353431173,14.328145436429223,3.497441035645226
2018-02-06,11.119421353431173,14.328145436429223,3.497441035645226
2018-02-07,11.119421353431173,14.328145436429223,3.497441035645226
2018-02-08,11.119421353431173,14.328145436429223,3.497441035645226
2018-02-09,11.119421353431173,14.328145436429223,3.497441035645226
2018-02-12,11.119421353431173,14.328145436429223,3.497441035645226
2018-02-15,11.119421353431173,14.328145436429223,3.497441035645226
2018-02-21,11.119421353431173,14.328145436429223,3.497441035645226
2018-02-23,11.119421353431173,14.328145436429223,3.497441035645226
2018-02-26,11.119421353431173,14.328145436429223,3.497441035645226
2018-03-02,11.119421353431173,14.328145436429223,3.497441035645226
2018-03-05,11.119421353431173,14.328145436429223,3.497441035645226
2018-03-06,11.119421353431173,14.328145436429223,3.497441035645226
2018-03-07,11.119421353431173,14.328145436429223,3.497441035645226
2018-03-08,11.119421353431173,14.328145436429223,3.497441035645226
2018-03-09,11.119421353431173,14.328145436429223,3.497441035645226
2018-03-12,11.119421353431173,14.328145436429223,3.497441035645226
2018-03-13,11.119421353431173,14.328145436429223,3.497441035645226
2018-03-14,11.119421353431173,14.328145436429223,3.497441035645226
2018-03-21,11.119421353431173,14.328145436429223,3.497441035645226
2018-03-22,11.119421353431173,14.328145436429223,3.497441035645226
2018-03-23,11.119421353431173,14.328145436429223,3.497441035645226
2018-03-26,11.119421353431173,14.328145436429223,3.497441035645226
2018-03-27,11.119421353431173,14.328145436429223,3.497441035645226
2018-03-28,11.119421353431173,14.328145436429223,3.497441035645226
2018-04-03,11.119421353431173,14.328145436429223,3.497441035645226
2018-04-04,11.119421353431173,14.328145436429223,3.497441035645226
2018-04-05,11.119421353431173,14.328145436429223,3.497441035645226
2018-04-06,11.119421353431173,14.328145436429223,3.497441035645226
2018-04-10,11.119421353431173,14.328145436429223,3.497441035645226
2018-04-11,11.119421353431173,14.328145436429223,3.497441035645226
2018-04-12,11.119421353431173,14.328145436429223,3.497441035645226
2018-04-18,11.119421353431173,14.328145436429223,3.497441035645226
2018-04-23,11.119421353431173,14.328145436429223,3.497441035645226
2018-04-25,11.119421353431173,14.328145436429223,3.497441035645226
2018-05-02,11.119421353431173,14.328145436429223,3.497441035645226
2018-05-03,11.119421353431173,14.328145436429223,3.497441035645226
2018-05-04,11.119421353431173,14.328145436429223,3.497441035645226
2018-05-08,11.119421353431173,14.328145436429223,3.497441035645226
2018-05-09,11.119421353431173,14.328145436429223,3.497441035645226
2018-05-11,11.119421353431173,14.328145436429223,3.497441035645226
2018-05-14,11.119421353431173,14.328145436429223,3.497441035645226
2018-05-16,11.119421353431173,14.328145436429223,3.497441035645226
2018-05-17,11.119421353431173,14.328145436429223,3.497441035645226
2018-05-22,11.119421353431173,14.328145436429223,3.497441035645226
2018-05-23,11.119421353431173,14.328145436429223,3.497441035645226
2018-05-24,11.119421353431173,14.328145436429223,3.497441035645226
2018-05-25,11.119421353431173,14.328145436429223,3.497441035645226
2018-06-01,11.119421353431173,14.328145436429223,3.497441035645226
2018-06-05,11.119421353431173,14.328145436429223,3.497441035645226
2018-06-06,11.119421353431173,14.328145436429223,3.497441035645226
2018-06-07,11.119421353431173,14.328145436429223,3.497441035645226
2018-06-08,11.119421353431173,14.328145436429223,3.497441035645226
2018-06-11,11.119421353431173,14.328145436429223,3.497441035645226
2018-06-12,11.119421353431173,14.328145436429223,3.497441035645226
2018-06-13,11.119421353431173,14.328145436429223,3.497441035645226
2018-06-20,11.119421353431173,14.328145436429223,3.497441035645226
2018-06-22,11.119421353431173,14.328145436429223,3.497441035645226
2018-06-27,11.119421353431173,14.328145436429223,3.497441035645226
2018-07-02,11.119421353431173,14.328145436429223,3.497441035645226
2018-07-03,11.119421353431173,14.328145436429223,3.497441035645226
2018-07-05,11.119421353431173,14.328145436429223,3.497441035645226
2018-07-06,11.119421353431173,14.328145436429223,3.497441035645226
2018-07-09,11.119421353431173,14.328145436429223,3.497441035645226
2018-07-10,11.119421353431173,14.328145436429223,3.497441035645226
2018-07-11,11.119421353431173,14.328145436429223,3.497441035645226
2018-07-12,11.119421353431173,14.328145436429223,3.497441035645226
2018-07-13,11.119421353431173,14.328145436429223,3.497441035645226
2018-07-18,11.119421353431173,14.328145436429223,3.497441035645226
2018-07-23,11.119421353431173,14.328145436429223,3.497441035645226
2018-07-24,11.119421353431173,14.328145436429223,3.497441035645226
2018-07-25,11.119421353431173,14.328145436429223,3.497441035645226
2018-07-26,11.119421353431173,14.328145436429223,3.497441035645226
2018-07-27,11.119421353431173,14.328145436429223,3.497441035645226
2018-08-02,11.119421353431173,14.328145436429223,3.497441035645226
2018-08-03,11.119421353431173,14.328145436429223,3.497441035645226
2018-08-07,11.119421353431173,14.328145436429223,3.497441035645226
2018-08-08,11.119421353431173,14.328145436429223,3.497441035645226
2018-08-09,11.119421353431173,14.328145436429223,3.497441035645226
2018-08-10,11.119421353431173,14.328145436429223,3.497441035645226
2018-08-13,11.119421353431173,14.328145436429223,3.497441035645226
2018-08-15,11.119421353431173,14.328145436429223,3.497441035645226
2018-08-16,11.119421353431173,14.328145436429223,3.497441035645226
2018-08-22,11.119421353431173,14.328145436429223,3.497441035645226
2018-08-24,11.119421353431173,14.328145436429223,3.497441035645226
2018-08-29,11.119421353431173,14.328145436429223,3.497441035645226
2018-09-04,11.119421353431173,14.328145436429223,3.497441035645226
2018-09-05,11.119421353431173,14.328145436429223,3.497441035645226
2018-09-06,11.119421353431173,14.328145436429223,3.497441035645226
2018-09-07,11.119421353431173,14.328145436429223,3.497441035645226
2018-09-10,11.119421353431173,14.328145436429223,3.497441035645226
2018-09-11,11.119421353431173,14.328145436429223,3.497441035645226
2018-09-12,11.119421353431173,14.328145436429223,3.497441035645226
2018-09-13,11.119421353431173,14.328145436429223,3.497441035645226
2018-09-14,11.119421353431173,14.328145436429223,3.497441035645226
2018-09-24,11.119421353431173,14.328145436429223,3.497441035645226
2018-09-25,11.119421353431173,14.328145436429223,3.497441035645226
2018-09-26,11.119421353431173,14.328145436429223,3.497441035645226
2018-10-01,11.119421353431173,14.328145436429223,3.497441035645226
2018-10-02,11.119421353431173,14.328145436429223,3.497441035645226
2018-10-04,11.119421353431173,14.328145436429223,3.497441035645226
2018-10-05,11.119421353431173,14.328145436429223,3.497441035645226
2018-10-09,11.119421353431173,14.328145436429223,3.497441035645226
2018-10-10,11.119421353431173,14.328145436429223,3.497441035645226
2018-10-11,11.119421353431173,14.328145436429223,3.497441035645226
2018-10-15,11.119421353431173,14.328145436429223,3.497441035645226
2018-10-17,11.119421353431173,14.328145436429223,3.497441035645226
2018-10-18,11.119421353431173,14.328145436429223,3.497441035645226
2018-10-22,11.119421353431173,14.328145436429223,3.497441035645226
2018-10-23,11.119421353431173,14.328145436429223,3.497441035645226
2018-10-24,11.119421353431173,14.328145436429223,3.497441035645226
2018-10-29,10.873738837190709,13.876246754195666,3.5178143389622463
2018-11-01,10.873738837190709,13.876246754195666,3.5178143389622463
2018-11-02,10.873738837190709,13.876246754195666,3.5178143389622463
2018-11-05,10.873738837190709,13.876246754195666,3.5178143389622463
2018-11-06,10.873738837190709,13.876246754195666,3.5178143389622463
2018-11-07,10.873738837190709,13.876246754195666,3.5178143389622463
2018-11-08,10.873738837190709,13.876246754195666,3.5178143389622463
2018-11-09,10.873738837190709,13.876246754195666,3.5178143389622463
2018-11-12,10.873738837190709,13.876246754195666,3.5178143389622463
2018-11-13,10.873738837190709,13.876246754195666,3.5178143389622463
2018-11-14,10.873738837190709,13.876246754195666,3.5178143389622463
2018-11-19,10.873738837190709,13.876246754195666,3.5178143389622463
2018-11-23,9.478850017155212,11.075824256364797,3.8056735914216833
2018-11-27,9.478850017155212,11.075824256364797,3.8056735914216833
2018-11-28,9.478850017155212,11.075824256364797,3.8056735914216833
2018-12-03,9.478850017155212,11.075824256364797,3.8056735914216833
2018-12-04,9.478850017155212,11.075824256364797,3.8056735914216833
2018-12-06,9.478850017155212,11.075824256364797,3.8056735914216833
2018-12-07,9.478850017155212,11.075824256364797,3.8056735914216833
2018-12-11,9.478850017155212,11.075824256364797,3.8056735914216833
2018-12-12,9.478850017155212,11.075824256364797,3.8056735914216833
2018-12-13,9.478850017155212,11.075824256364797,3.8056735914216833
2018-12-19,6.03327341766986,4.369063204963804,4.891759665683795
2018-12-27,4.43741707036044,1.2698509996170975,5.038734832828738
2019-01-03,1.679710965553197,-3.6679671749576315,4.586693105614065
2019-01-04,1.403085629679416,-4.0761501652317,4.529539976383311
2019-01-07,1.2848140675162325,-4.259453855126233,4.4828167773096705
2019-01-08,1.2848140675162325,-4.259453855126233,4.4828167773096705
2019-01-09,1.2848140675162325,-4.259453855126233,4.4828167773096705
2019-01-10,1.2848140675162325,-4.259453855126233,4.4828167773096705
2019-01-11,1.2848140675162325,-4.259453855126233,4.4828167773096705
2019-01-14,1.2848140675162325,-4.259453855126233,4.4828167773096705
2019-01-16,1.2848140675162325,-4.259453855126233,4.4828167773096705
2019-01-17,1.2848140675162325,-4.259453855126233,4.4828167773096705
2019-01-22,1.2848140675162325,-4.259453855126233,4.4828167773096705
2019-01-23,1.2848140675162325,-4.259453855126233,4.4828167773096705
2019-01-24,1.2848140675162325,-4.259453855126233,4.4828167773096705
2019-01-25,1.2848140675162325,-4.259453855126233,4.4828167773096705
2019-01-28,1.2848140675162325,-4.259453855126233,4.4828167773096705
2019-01-29,1.2848140675162325,-4.259453855126233,4.4828167773096705
2019-02-01,1.2848140675162325,-4.259453855126233,4.4828167773096705
2019-02-05,1.2848140675162325,-4.259453855126233,4.4828167773096705
2019-02-06,1.2848140675162325,-4.259453855126233,4.4828167773096705
2019-02-07,1.2848140675162325,-4.259453855126233,4.4828167773096705
2019-02-08,1.2848140675162325,-4.259453855126233,4.4828167773096705
2019-02-11,1.2848140675162325,-4.259453855126233,4.4828167773096705
2019-02-21,1.2848140675162325,-4.259453855126233,4.4828167773096705
2019-02-26,1.2848140675162325,-4.259453855126233,4.4828167773096705
2019-03-01,1.2848140675162325,-4.259453855126233,4.4828167773096705
2019-03-04,1.2848140675162325,-4.259453855126233,4.4828167773096705
2019-03-05,1.2848140675162325,-4.259453855126233,4.4828167773096705
2019-03-06,1.2848140675162325,-4.259453855126233,4.4828167773096705
2019-03-07,1.2848140675162325,-4.259453855126233,4.4828167773096705
2019-03-08,1.095281431650558,-4.564913491668364,4.366185100504767
2019-03-11,1.095281431650558,-4.564913491668364,4.366185100504767
2019-03-12,1.095281431650558,-4.564913491668364,4.366185100504767
2019-03-13,1.095281431650558,-4.564913491668364,4.366185100504767
2019-03-20,1.095281431650558,-4.564913491668364,4.366185100504767
2019-03-21,1.095281431650558,-4.564913491668364,4.366185100504767
2019-03-22,1.095281431650558,-4.564913491668364,4.366185100504767
2019-03-25,1.095281431650558,-4.564913491668364,4.366185100504767
2019-03-26,1.095281431650558,-4.564913491668364,4.366185100504767
2019-03-27,1.095281431650558,-4.564913491668364,4.366185100504767
2019-04-01,1.095281431650558,-4.564913491668364,4.366185100504767
2019-04-02,1.095281431650558,-4.564913491668364,4.366185100504767
2019-04-03,1.095281431650558,-4.564913491668364,4.366185100504767
2019-04-04,1.095281431650558,-4.564913491668364,4.366185100504767
2019-04-05,1.095281431650558,-4.564913491668364,4.366185100504767
2019-04-09,1.095281431650558,-4.564913491668364,4.366185100504767
2019-04-10,1.095281431650558,-4.564913491668364,4.366185100504767
2019-04-11,1.095281431650558,-4.564913491668364,4.366185100504767
2019-04-17,1.095281431650558,-4.564913491668364,4.366185100504767
2019-04-26,1.095281431650558,-4.564913491668364,4.366185100504767
2019-05-02,1.095281431650558,-4.564913491668364,4.366185100504767
2019-05-03,1.095281431650558,-4.564913491668364,4.366185100504767
2019-05-07,1.095281431650558,-4.564913491668364,4.366185100504767
2019-05-08,1.095281431650558,-4.564913491668364,4.366185100504767
2019-05-09,1.095281431650558,-4.564913491668364,4.366185100504767
2019-05-10,1.095281431650558,-4.564913491668364,4.366185100504767
2019-05-13,1.095281431650558,-4.564913491668364,4.366185100504767
2019-05-14,1.095281431650558,-4.564913491668364,4.366185100504767
2019-05-15,1.095281431650558,-4.564913491668364,4.366185100504767
2019-05-16,1.095281431650558,-4.564913491668364,4.366185100504767
2019-05-22,1.095281431650558,-4.564913491668364,4.366185100504767
2019-05-23,1.095281431650558,-4.564913491668364,4.366185100504767
2019-05-24,1.095281431650558,-4.564913491668364,4.366185100504767
2019-05-29,1.095281431650558,-4.564913491668364,4.366185100504767
2019-06-03,0.7173201753889161,-5.33099736805443,4.184744996857731
2019-06-04,0.7173201753889161,-5.33099736805443,4.184744996857731
2019-06-05,0.7173201753889161,-5.33099736805443,4.184744996857731
2019-06-06,0.7173201753889161,-5.33099736805443,4.184744996857731
2019-06-07,0.7173201753889161,-5.33099736805443,4.184744996857731
2019-06-11,0.7173201753889161,-5.33099736805443,4.184744996857731
2019-06-12,0.7173201753889161,-5.33099736805443,4.184744996857731
2019-06-13,0.7173201753889161,-5.33099736805443,4.184744996857731
2019-06-26,0.7173201753889161,-5.33099736805443,4.184744996857731
2019-07-01,0.7173201753889161,-5.33099736805443,4.184744996857731
2019-07-02,0.7173201753889161,-5.33099736805443,4.184744996857731
2019-07-03,0.7173201753889161,-5.33099736805443,4.184744996857731
2019-07-05,0.7173201753889161,-5.33099736805443,4.184744996857731
2019-07-08,0.7173201753889161,-5.33099736805443,4.184744996857731
2019-07-09,0.7173201753889161,-5.33099736805443,4.184744996857731
2019-07-10,0.7173201753889161,-5.33099736805443,4.184744996857731
2019-07-11,0.7173201753889161,-5.33099736805443,4.184744996857731
2019-07-12,0.7173201753889161,-5.33099736805443,4.184744996857731
2019-07-17,0.7173201753889161,-5.33099736805443,4.184744996857731
2019-07-18,0.7173201753889161,-5.33099736805443,4.184744996857731
2019-07-22,0.7173201753889161,-5.33099736805443,4.184744996857731
2019-07-23,0.7173201753889161,-5.33099736805443,4.184744996857731
2019-07-24,0.7173201753889161,-5.33099736805443,4.184744996857731
2019-07-25,0.7173201753889161,-5.33099736805443,4.184744996857731
2019-07-26,0.7173201753889161,-5.33099736805443,4.184744996857731
2019-07-29,0.7173201753889161,-5.33099736805443,4.184744996857731
2019-08-02,0.7173201753889161,-5.33099736805443,4.184744996857731
2019-08-06,0.7173201753889161,-5.33099736805443,4.184744996857731
2019-08-07,0.7173201753889161,-5.33099736805443,4.184744996857731
2019-08-08,0.7173201753889161,-5.33099736805443,4.184744996857731
2019-08-09,0.7173201753889161,-5.33099736805443,4.184744996857731
2019-08-12,0.7173201753889161,-5.33099736805443,4.184744996857731
2019-08-13,0.7173201753889161,-5.33099736805443,4.184744996857731
2019-08-15,0.7173201753889161,-5.33099736805443,4.184744996857731
2019-08-21,0.7173201753889161,-5.33099736805443,4.184744996857731
2019-08-23,0.7173201753889161,-5.33099736805443,4.184744996857731
2019-08-28,0.7173201753889161,-5.33099736805443,4.184744996857731
2019-09-03,0.7173201753889161,-5.33099736805443,4.184744996857731
2019-09-04,0.7173201753889161,-5.33099736805443,4.184744996857731
2019-09-05,0.7173201753889161,-5.33099736805443,4.184744996857731
2019-09-06,0.7173201753889161,-5.33099736805443,4.184744996857731
2019-09-09,0.7173201753889161,-5.33099736805443,4.184744996857731
2019-09-10,0.7173201753889161,-5.33099736805443,4.184744996857731
2019-09-11,0.7173201753889161,-5.33099736805443,4.184744996857731
2019-09-12,0.7173201753889161,-5.33099736805443,4.184744996857731
2019-09-13,0.7173201753889161,-5.33099736805443,4.184744996857731
2019-09-18,0.7173201753889161,-5.33099736805443,4.184744996857731
2019-09-23,0.7173201753889161,-5.33099736805443,4.184744996857731
2019-09-24,0.7173201753889161,-5.33099736805443,4.184744996857731
2019-09-25,0.7173201753889161,-5.33099736805443,4.184744996857731
2019-10-01,0.7173201753889161,-5.33099736805443,4.184744996857731
2019-10-02,0.7173201753889161,-5.33099736805443,4.184744996857731
2019-10-03,0.7173201753889161,-5.33099736805443,4.184744996857731
2019-10-04,0.7173201753889161,-5.33099736805443,4.184744996857731
2019-10-08,0.7173201753889161,-5.33099736805443,4.184744996857731
2019-10-09,0.7173201753889161,-5.33099736805443,4.184744996857731
2019-10-10,0.7173201753889161,-5.33099736805443,4.184744996857731
2019-10-11,0.7173201753889161,-5.33099736805443,4.184744996857731
2019-10-16,0.7173201753889161,-5.33099736805443,4.184744996857731
2019-10-17,0.7173201753889161,-5.33099736805443,4.184744996857731
2019-10-22,0.7173201753889161,-5.33099736805443,4.184744996857731
2019-10-23,0.7173201753889161,-5.33099736805443,4.184744996857731
2019-10-24,0.7173201753889161,-5.33099736805443,4.184744996857731
2019-10-25,0.7173201753889161,-5.33099736805443,4.184744996857731
2019-10-29,0.7173201753889161,-5.33099736805443,4.184744996857731
2019-11-01,0.7173201753889161,-5.33099736805443,4.184744996857731
2019-11-04,0.7173201753889161,-5.33099736805443,4.184744996857731
2019-11-05,0.7173201753889161,-5.33099736805443,4.184744996857731
2019-11-06,0.7173201753889161,-5.33099736805443,4.184744996857731
2019-11-07,0.7173201753889161,-5.33099736805443,4.184744996857731
2019-11-08,0.7173201753889161,-5.33099736805443,4.184744996857731
2019-11-11,0.7173201753889161,-5.33099736805443,4.184744996857731
2019-11-12,0.7173201753889161,-5.33099736805443,4.184744996857731
2019-11-13,0.7173201753889161,-5.33099736805443,4.184744996857731
2019-11-14,0.7173201753889161,-5.33099736805443,4.184744996857731
2019-11-18,0.7173201753889161,-5.33099736805443,4.184744996857731
2019-11-25,0.7173201753889161,-5.33099736805443,4.184744996857731
2019-11-26,0.7173201753889161,-5.33099736805443,4.184744996857731
2019-11-27,0.7173201753889161,-5.33099736805443,4.184744996857731
2019-12-02,0.7173201753889161,-5.33099736805443,4.184744996857731
2019-12-03,0.7173201753889161,-5.33099736805443,4.184744996857731
2019-12-04,0.7173201753889161,-5.33099736805443,4.184744996857731
2019-12-05,0.7173201753889161,-5.33099736805443,4.184744996857731
2019-12-06,0.7173201753889161,-5.33099736805443,4.184744996857731
2019-12-10,0.7173201753889161,-5.33099736805443,4.184744996857731
2019-12-11,0.7173201753889161,-5.33099736805443,4.184744996857731
2019-12-12,0.7173201753889161,-5.33099736805443,4.184744996857731
2019-12-23,0.7173201753889161,-5.33099736805443,4.184744996857731
2019-12-27,0.7173201753889161,-5.33099736805443,4.184744996857731
2020-01-03,0.7173201753889161,-5.33099736805443,4.184744996857731
2020-01-06,0.7173201753889161,-5.33099736805443,4.184744996857731
2020-01-07,0.7173201753889161,-5.33099736805443,4.184744996857731
2020-01-08,0.7173201753889161,-5.33099736805443,4.184744996857731
2020-01-09,0.7173201753889161,-5.33099736805443,4.184744996857731
2020-01-10,0.7173201753889161,-5.33099736805443,4.184744996857731
2020-01-13,0.7173201753889161,-5.33099736805443,4.184744996857731
2020-01-14,0.7173201753889161,-5.33099736805443,4.184744996857731
2020-01-15,0.7173201753889161,-5.33099736805443,4.184744996857731
2020-01-16,0.7173201753889161,-5.33099736805443,4.184744996857731
2020-01-21,0.7173201753889161,-5.33099736805443,4.184744996857731
2020-01-24,0.7173201753889161,-5.33099736805443,4.184744996857731
2020-01-27,0.7173201753889161,-5.33099736805443,4.184744996857731
2020-01-28,0.7173201753889161,-5.33099736805443,4.184744996857731
2020-01-29,0.7173201753889161,-5.33099736805443,4.184744996857731
2020-02-03,0.7173201753889161,-5.33099736805443,4.184744996857731
2020-02-04,0.7173201753889161,-5.33099736805443,4.184744996857731
2020-02-05,0.7173201753889161,-5.33099736805443,4.184744996857731
2020-02-06,0.7173201753889161,-5.33099736805443,4.184744996857731
2020-02-07,0.7173201753889161,-5.33099736805443,4.184744996857731
2020-02-11,0.7173201753889161,-5.33099736805443,4.184744996857731
2020-02-12,0.7173201753889161,-5.33099736805443,4.184744996857731
2020-02-13,0.7173201753889161,-5.33099736805443,4.184744996857731
2020-02-18,0.7173201753889161,-5.33099736805443,4.184744996857731
2020-02-26,0.7173201753889161,-5.33099736805443,4.184744996857731
2020-03-02,0.7173201753889161,-5.33099736805443,4.184744996857731
2020-03-03,0.7173201753889161,-5.33099736805443,4.184744996857731
2020-03-04,0.7173201753889161,-5.33099736805443,4.184744996857731
2020-03-05,0.7173201753889161,-5.33099736805443,4.184744996857731
2020-03-06,0.7173201753889161,-5.33099736805443,4.184744996857731
2020-03-09,0.7173201753889161,-5.33099736805443,4.184744996857731
2020-03-10,0.7173201753889161,-5.33099736805443,4.184744996857731
2020-03-11,0.7173201753889161,-5.33099736805443,4.184744996857731
2020-03-12,0.7173201753889161,-5.33099736805443,4.184744996857731
2020-03-13,0.7173201753889161,-5.33099736805443,4.184744996857731
2020-03-23,0.7173201753889161,-5.33099736805443,4.184744996857731
2020-03-24,0.7173201753889161,-5.33099736805443,4.184744996857731
2020-03-25,0.7173201753889161,-5.33099736805443,4.184744996857731
2020-03-27,0.7173201753889161,-5.33099736805443,4.184744996857731
2020-04-01,0.7173201753889161,-5.33099736805443,4.184744996857731
2020-04-02,0.7173201753889161,-5.33099736805443,4.184744996857731
2020-04-03,0.7173201753889161,-5.33099736805443,4.184744996857731
2020-04-07,0.7173201753889161,-5.33099736805443,4.184744996857731
2020-04-08,0.7173201753889161,-5.33099736805443,4.184744996857731
2020-04-09,0.7173201753889161,-5.33099736805443,4.184744996857731
2020-04-14,0.7173201753889161,-5.33099736805443,4.184744996857731
2020-04-16,0.7173201753889161,-5.33099736805443,4.184744996857731
2020-04-21,0.7173201753889161,-5.33099736805443,4.184744996857731
2020-04-23,0.7173201753889161,-5.33099736805443,4.184744996857731
2020-04-28,0.7173201753889161,-5.33099736805443,4.184744996857731
2020-05-04,0.7173201753889161,-5.33099736805443,4.184744996857731
2020-05-05,0.7173201753889161,-5.33099736805443,4.184744996857731
2020-05-06,0.7173201753889161,-5.33099736805443,4.184744996857731
2020-05-07,0.7173201753889161,-5.33099736805443,4.184744996857731
2020-05-11,0.7173201753889161,-5.33099736805443,4.184744996857731
2020-05-12,0.7173201753889161,-5.33099736805443,4.184744996857731
2020-05-13,0.7173201753889161,-5.33099736805443,4.184744996857731
2020-05-14,0.7173201753889161,-5.33099736805443,4.184744996857731
2020-05-19,0.7173201753889161,-5.33099736805443,4.184744996857731
2020-05-26,1.1690084122694726,-3.9094789027417107,4.296921972576346
2020-05-27,1.1690084122694726,-3.9094789027417107,4.296921972576346
2020-06-02,1.1690084122694726,-3.9094789027417107,4.296921972576346
2020-06-03,1.1690084122694726,-3.9094789027417107,4.296921972576346
2020-06-04,1.1690084122694726,-3.9094789027417107,4.296921972576346
2020-06-05,1.5705674360294972,-3.1581830670328155,4.276474044355776
2020-06-09,2.7624414595894082,-1.089703708177923,4.410599689709954
2020-06-10,3.9025836275196317,1.6249954635061945,4.569181604542386
2020-06-11,3.9145458069576167,2.162221270370276,4.622083666284496
2020-06-23,4.1471814792427,3.6277011237812307,4.917400128924009
2020-06-26,4.1471814792427,3.6277011237812307,4.917400128924009
2020-06-29,4.1471814792427,3.6277011237812307,4.917400128924009
2020-07-01,4.356092707504321,4.943729715447791,5.42756552338288
2020-07-02,4.60309385528121,5.322677728799631,5.574466710739476
2020-07-06,5.276978995498905,6.637697084695608,5.975252408016341
2020-07-07,5.153258876174037,8.586237031706899,6.43298348661212
2020-07-08,5.511849292054468,9.608452963213859,7.0966067445546015
2020-07-09,5.696352777560577,10.134407907770425,7.438057041971736
2020-07-10,5.827742029825085,10.508952739270748,7.2485081742709925
2020-07-13,5.900739290978883,10.717042414853902,7.56696568890432
2020-07-14,6.347888091292669,10.832141720868789,7.743112049009892
2020-07-21,6.719974687151649,11.498506505387214,7.889688981473176
2020-07-23,7.7123496673474,10.846285516774993,8.372948912322446
2020-07-24,7.377303776461975,10.448244360993797,8.66787554727677
2020-07-27,7.640059411886597,10.259101200257675,8.808020241136502
2020-07-28,7.799581571411807,10.14427007432848,8.89310379861901
2020-07-29,8.1652677635431,10.100320753938814,9.230300102280946
2020-08-03,8.507412448062393,11.288857385831509,9.545788970660373
2020-08-04,8.73587849874279,12.546307038089187,9.756455682883436
2020-08-05,8.851961523102558,13.62472018701153,9.863494908247347
2020-08-06,9.374561321308088,14.250762751966537,9.925633534120543
2020-08-07,9.63845334582864,14.566889242005946,9.535079966512503
2020-08-11,9.770130103893209,14.360425880479042,8.611793559147257
2020-08-12,9.858383309892853,14.222048737511429,7.992982869215775
2020-08-13,9.918733040577706,14.553571449570336,7.143676340969004
2020-08-17,9.956459892175184,15.225052155337247,7.076976958682049
2020-08-18,9.46811957467683,16.131288371927987,7.037674785375692
2020-08-20,9.731308673309941,16.561150836269395,7.513859833311981
2020-08-24,9.86842418545804,17.29540803176257,7.761941372646817
2020-08-26,9.939604468201102,17.676580329211184,7.890727050040599
2020-09-01,10.516814647283626,17.85262890778085,7.950208118305703
2020-09-02,10.23797023245347,17.932142145628728,7.97707304596848
2020-09-03,9.481905567350331,16.265891922323583,8.32265356965442
2020-09-04,9.16056843832081,15.124033338767038,8.035848721803463
2020-09-08,8.564091886183853,14.246066218352643,7.8873451018591245
2020-09-09,8.402236964774021,13.962415687116051,7.8470483933815585
2020-09-10,8.402236964774021,13.962415687116051,7.8470483933815585
2020-09-11,8.402236964774021,13.962415687116051,7.8470483933815585
2020-09-22,8.402236964774021,13.962415687116051,7.8470483933815585
2020-09-23,8.402236964774021,13.962415687116051,7.8470483933815585
2020-09-25,8.402236964774021,13.962415687116051,7.8470483933815585
2020-09-28,8.169535800498837,13.700103613220541,7.90799313201328
2020-10-01,7.990600653563606,13.394932993977951,7.998057748293204
2020-10-02,6.990466900646004,12.544086875577484,7.998544519999336
2020-10-06,6.923063482807628,12.302904087566851,7.930591402668673
2020-10-07,6.402779980894046,11.67985497142374,7.408271227217038
2020-10-08,6.30515486083077,11.272694608314053,7.066936865629477
2020-10-09,6.190371591661786,11.170121185292613,6.665611122036694
2020-10-12,6.1156016579925465,11.103304757331768,6.404187140602485
2020-10-13,6.414232717439174,11.06842227546524,6.605372756837284
2020-10-15,5.922194940114686,11.044616897521246,6.742670889742221
2020-10-20,5.841983209855385,10.866777861615034,6.678074008445052
2020-10-22,5.370152631454369,10.64474961640474,6.248229357436261
2020-10-23,5.283368143839994,10.493584231251596,6.19003050710982
2020-10-26,5.162295566434637,10.352679929303942,6.172103084341953
2020-10-28,5.162295566434637,10.352679929303942,6.172103084341953
2020-11-02,5.162295566434637,10.352679929303942,6.172103084341953
2020-11-03,5.162295566434637,10.352679929303942,6.172103084341953
2020-11-04,5.077982899729062,10.221951554405608,6.165392406017319
2020-11-05,4.738090201317162,9.85851010853716,6.138339406117564
2020-11-06,4.751661044757007,9.762211497942332,6.131171356539334
2020-11-09,4.623130698867792,9.46088198919587,5.595756437405796
2020-11-10,4.471396586880642,9.105153035781418,4.963682301626039
2020-11-11,4.6048437670834055,8.826154541527933,4.467946066364735
2020-11-12,4.695582434069582,8.636446887748768,4.3604928649563615
2020-11-13,4.7554040714426336,8.511377577737871,4.289651770826067
2020-11-17,4.8374441395645,8.67526671949378,4.192499495437245
2020-11-24,4.883843691975272,8.767957803211116,4.42299049024239
2020-11-25,4.537186598361909,9.25118370732246,4.649302497055289
2020-12-01,4.726490250399169,9.966498583197637,4.383719578465573
2020-12-02,5.2025481260093205,10.352837587729978,4.240279194588182
2020-12-03,5.1061506630974955,11.136761293542218,4.125924620170982
2020-12-04,5.508450959235114,11.52528447402459,4.069248948003057
2020-12-08,5.7531303666263485,12.259356745643373,4.5325508709953315
2020-12-09,5.859767684815895,11.715367498508783,4.302511250867186
2020-12-10,5.919809075420115,11.409078186040823,4.601145658876155
2020-12-11,5.95545128044248,11.22725650667461,5.222889995706846
2020-12-21,6.518449463139203,13.260716211093998,5.10275518516647
2020-12-22,6.7826783265079404,14.763773079653301,5.595077297675068
2020-12-23,6.899322110359148,15.427297261898442,5.275679482586424
2020-12-29,6.957225816193193,16.331818771400552,5.692263921528229
2021-01-04,7.4975919638785244,16.15987010407085,6.3699334667534036
2021-01-05,7.211505761092728,16.64289553297804,6.157243414522771
2021-01-06,6.456517303009666,16.865436572063405,4.812888371777145
2021-01-07,6.770074018606581,16.366131901286593,3.7669611936973784
2021-01-08,6.906304683830533,16.741697429934764,3.3125382833975108
2021-01-11,6.360119870023419,16.897363558173996,3.1241869847993633
2021-01-12,6.737048319508645,16.957822686479123,2.4619722397854735
2021-01-13,6.886259900419519,16.98175614686722,2.767275375804739
2021-01-14,7.516754282436672,16.992084092238766,2.899022062637184
2021-01-21,7.231630089191992,16.996451771212957,3.506497330554745
2021-01-22,7.6323443164758045,16.99830221555835,4.285377085884734
2021-01-25,7.820149442879383,16.999169474344107,4.650419305359842
2021-01-26,7.920438296874598,17.557255854883607,5.402976892094232
2021-01-27,7.453921810720407,16.450198683931582,5.548006869316791
2021-02-01,6.960986370809106,15.672359394828671,5.469796642796132
2021-02-02,6.473271901093949,14.759011478946245,5.352954106852989
2021-02-03,6.379690442699444,14.21346394626964,5.2831634432000545
2021-02-04,5.952856921255001,13.838055758097553,4.886192387882563
2021-02-05,5.592869054079806,13.899238041547813,4.551390278033206
2021-02-09,5.757774795762361,14.34509451350974,4.328053232134858
2021-02-10,6.244207516492515,14.601543550711549,4.5911753241383515
2021-02-11,6.521365801556117,14.747662371111574,4.741096299175907
2021-02-16,5.735498240719676,15.911116339108103,3.3251720944594467
2021-02-24,5.378587039337056,14.983719384486426,2.1968485721042645
2021-03-01,5.016576281035692,13.675017081288557,1.8825615181887394
2021-03-02,4.458362259192409,12.657725504182807,1.6382572390869212
2021-03-03,4.4581593931085175,12.655664046211681,1.6379747534677143
2021-03-04,4.4581593931085175,12.655664046211681,1.6379747534677143
2021-03-05,4.4581593931085175,12.655664046211681,1.6379747534677143
2021-03-08,4.4581593931085175,12.655664046211681,1.6379747534677143
2021-03-09,4.421875360013388,12.514931625327153,1.5972162942452899
2021-03-10,4.361487561113086,11.868658320742083,1.511729961325246
2021-03-11,4.007364431946438,11.122519839520404,1.3786289177544395
2021-03-12,4.238586906541483,10.628104461444304,1.2904318813656515
2021-03-22,4.3790495129096865,10.327757910985849,1.2368541068572823
2021-03-23,4.46019744067571,10.15424197808704,1.20590120424438
2021-03-24,4.155186601848406,9.913140121489414,1.1628918842218297
2021-03-26,4.307337542985253,9.748683533586794,1.1335550465933877
2021-03-29,4.218648655055418,9.821206329559406,1.0950148524969143
2021-04-01,4.485401981105852,10.223646453777185,1.062576784665162
2021-04-06,4.698722027875883,10.960011164964124,1.0366363765381024
2021-04-07,4.83851134332672,11.906541177651333,1.4836253830841835
2021-04-08,5.346708675010373,12.384972759940865,1.709559748398957
2021-04-09,5.60990354493468,12.632751979188633,1.8265709213884853
2021-04-12,5.316631998242925,13.29019190572248,1.909964130934713
2021-04-13,5.62637664671208,13.611920839587174,1.95077395600925
2021-04-14,5.324290351429922,13.799082025210378,1.9745144855111387
2021-04-20,6.392644070640158,13.4800256380408,2.3839689507913624
2021-04-23,6.643837184774396,13.281494383046986,2.6387499616842667
2021-04-28,6.338522534919247,13.622217621851277,2.3358477287774204
2021-05-04,6.600906709994849,12.978742590618594,2.599292902662596
2021-05-05,6.337184150906133,12.549197544118336,2.775152981102621
2021-05-06,6.607892370185406,12.324893479265219,3.275406793422488
2021-05-07,6.79096067764905,12.640089100852654,3.6137068973774222
2021-05-10,6.872495417783293,12.00038056596505,3.7643785862432315
2021-05-11,6.5290626601723964,11.606609493444575,3.857124187227882
2021-05-12,6.421654018750386,11.353264070839767,3.796915703378233
2021-05-14,6.201593913156325,11.048546865243837,3.7244985238484034
2021-05-17,6.148719482721368,10.914399898128607,3.692617997174607
2021-05-18,6.078720447523985,10.736806339285975,3.711348804789921
2021-05-20,5.693364885854192,10.414835204021294,3.5794781540059404
2021-05-25,5.234783309604009,10.302493331732977,3.6933600306141914
2021-05-26,4.790411041434051,10.553511156342939,3.803713238053671
2021-06-01,5.133536584822113,10.680167179458566,3.8593941380616923
2021-06-02,5.079454267340893,11.21469947798741,3.916339512808231
2021-06-03,5.331232400974943,11.155977100660511,3.9392214626959494
2021-06-04,4.801505509382044,11.491832527987022,3.9634065904152407
2021-06-08,5.46045040446038,11.644143285624487,4.274100084728127
2021-06-09,5.274288541553748,12.19232135070496,4.971888033886194
2021-06-10,5.538099804716803,12.485929398670123,5.34562819369328
2021-06-11,5.304536634135208,13.143114417194896,5.6296594319143
2021-06-23,5.504013465163637,13.388891303514946,5.162231073945185
2021-06-28,5.718505712530724,14.518080370338303,4.659617519944951
2021-07-01,6.740403782182276,15.629750424702067,4.812077335961978
2021-07-02,6.346443308051567,16.890933402104256,4.912068858974078
2021-07-06,6.687162430212602,17.46912379064821,5.47924068646606
2021-07-07,6.8413284385282855,17.73073899933669,5.735870300087284
2021-07-08,6.441671223163807,17.85864636203038,6.3363712847091955
2021-07-09,6.243838568840597,17.92196125313299,6.1857044071719915
2021-07-12,6.560609697237513,17.95465324307731,6.107909121424666
2021-07-13,6.734713427069667,17.972621412757878,5.668911926579049
2021-07-14,6.850982199103281,18.422896922116735,5.8140199254740335
2021-07-20,6.610067351308477,17.977389293027407,5.968381328452685
2021-07-22,6.18900561472981,17.721784313085998,5.976650183006629
2021-07-23,6.149983116289376,17.572763199231833,5.9814710355432625
2021-07-26,6.105051272795021,17.700754519468884,5.987021930548513
2021-07-27,6.0788629902552325,17.526063086813014,5.990257239751094
2021-07-28,6.297121830772684,17.401415050579345,5.992565738414019
2021-08-02,6.458776847380654,17.309093565136955,6.224265639503778
2021-08-03,6.01770017541759,17.517996463119225,6.4588171616707495
2021-08-04,6.013113566876358,17.64289700715363,6.599052711324248
2021-08-05,6.205636828161103,17.71256118581674,6.482188624642489
2021-08-06,6.3832809265010075,17.776841367456168,6.150725546885812
2021-08-10,6.547268920337915,17.836180113460284,5.578839281512884
2021-08-11,6.674348132419342,17.882163486460154,5.135667471776253
2021-08-12,6.78954629146884,18.277594071381348,4.733929250488093
2021-08-16,6.870656071262701,18.94141685008622,4.83647408114525
2021-08-17,6.911040381155479,18.64748368922344,4.887530836935807
2021-08-24,7.193736339727584,18.479395709635135,5.176329917261707
2021-08-27,7.390305654595504,18.36251770702026,5.1333401947494215
2021-09-01,7.580345680823011,18.561219158970037,5.403475637798146
2021-09-02,7.357258708517979,19.114291702183728,5.63278175356191
2021-09-03,7.576230586053419,19.416038628189295,5.757887250833466
2021-09-07,7.712342954369109,19.60360375843735,5.514458099903254
2021-09-08,7.802930686936238,19.728435175802908,5.352447144569906
2021-09-09,7.845595035207452,19.57073324062946,5.492638532658572
2021-09-10,7.535605098745289,19.306909656271472,5.409893951900378
2021-09-21,7.535605098745289,19.306909656271472,5.409893951900378
2021-09-22,7.535605098745289,19.306909656271472,5.409893951900378
2021-09-23,7.535605098745289,19.306909656271472,5.409893951900378
2021-09-24,7.535605098745289,19.306909656271472,5.409893951900378
2021-09-27,7.535605098745289,19.306909656271472,5.409893951900378
2021-09-28,7.535605098745289,19.306909656271472,5.409893951900378
2021-10-01,7.535605098745289,19.306909656271472,5.409893951900378
2021-10-05,7.535605098745289,19.306909656271472,5.409893951900378
2021-10-06,7.535605098745289,19.306909656271472,5.409893951900378
2021-10-07,7.535605098745289,19.306909656271472,5.409893951900378
2021-10-08,7.535605098745289,19.306909656271472,5.409893951900378
2021-10-11,7.535605098745289,19.306909656271472,5.409893951900378
2021-10-12,7.535605098745289,19.306909656271472,5.409893951900378
2021-10-13,7.535605098745289,19.306909656271472,5.409893951900378
2021-10-18,7.535605098745289,19.306909656271472,5.409893951900378
2021-10-21,7.353275680958618,18.9253022252274,5.092788817055513
2021-10-22,7.352340459590829,18.921207369072363,5.089960373738741
2021-10-25,7.352340459590829,18.921207369072363,5.089960373738741
2021-10-27,7.309607757309972,18.76570178771265,5.023919567374943
2021-11-01,7.309607757309972,18.76570178771265,5.023919567374943
2021-11-02,7.277884904891947,18.482324037729352,4.816545881716586
2021-11-03,7.240708831727443,18.150233094968293,4.573524251478577
2021-11-04,7.197452055576788,17.763823709848214,4.470458609951672
2021-11-05,7.343609180998436,17.44260252303521,4.5668967703121375
2021-11-08,7.288828903210726,17.21261400317235,4.4765186189937785
2021-11-09,7.234442202827625,16.984277871511836,4.386789803525212
2021-11-10,7.210957407674507,16.685333595920078,4.247870811707986
2021-11-11,7.056559832308061,16.342952440618895,3.9612663441477136
2021-11-12,6.556077022008913,16.01613257327532,3.4839740834296955
2021-11-16,6.628421960654545,15.850536169588132,3.2421348019776213
2021-11-22,6.498795552176044,15.675093623261558,2.9859160774460873
2021-11-24,6.6165797703614535,15.516445041903104,2.7542234919501163
2021-11-26,6.6165797703614535,15.516445041903104,2.7542234919501163
2021-12-01,6.6165797703614535,15.516445041903104,2.7542234919501163
2021-12-02,6.6165797703614535,15.516445041903104,2.7542234919501163
2021-12-03,6.6165797703614535,15.516445041903104,2.7542234919501163
2021-12-07,6.6165797703614535,15.516445041903104,2.7542234919501163
2021-12-08,6.6165797703614535,15.516445041903104,2.7542234919501163
2021-12-09,6.6165797703614535,15.516445041903104,2.7542234919501163
2021-12-10,6.6165797703614535,15.516445041903104,2.7542234919501163
2021-12-15,6.6165797703614535,15.516445041903104,2.7542234919501163
2021-12-20,6.6165797703614535,15.516445041903104,2.7542234919501163
2021-12-21,6.6165797703614535,15.516445041903104,2.7542234919501163
2021-12-23,6.6165797703614535,15.516445041903104,2.7542234919501163
2022-01-04,6.0433674929106465,14.483616640338779,2.6346823251630176
2022-01-05,6.0247023376841655,14.437719170981962,2.6307897804255624
2022-01-06,6.0247023376841655,14.437719170981962,2.6307897804255624
2022-01-07,6.0247023376841655,14.437719170981962,2.6307897804255624
2022-01-10,6.0247023376841655,14.437719170981962,2.6307897804255624
2022-01-11,5.83709633729888,13.976397497020077,2.5296406708543104
2022-01-12,5.764444377321003,13.797746900958252,2.4904698498503097
2022-01-13,5.764444377321003,13.797746900958252,2.4904698498503097
2022-01-14,5.764444377321003,13.797746900958252,2.4904698498503097
2022-01-18,5.764444377321003,13.797746900958252,2.4904698498503097
2022-01-20,5.764444377321003,13.797746900958252,2.4904698498503097
2022-01-24,5.764444377321003,13.797746900958252,2.4904698498503097
2022-01-25,5.764444377321003,13.797746900958252,2.4904698498503097
2022-01-26,5.764444377321003,13.797746900958252,2.4904698498503097
2022-02-01,5.764444377321003,13.797746900958252,2.4904698498503097
2022-02-02,5.764444377321003,13.797746900958252,2.4904698498503097
2022-02-03,5.764444377321003,13.797746900958252,2.4904698498503097
2022-02-04,5.764444377321003,13.797746900958252,2.4904698498503097
2022-02-08,5.764444377321003,13.797746900958252,2.4904698498503097
2022-02-09,5.764444377321003,13.797746900958252,2.4904698498503097
2022-02-10,5.764444377321003,13.797746900958252,2.4904698498503097
2022-02-11,5.764444377321003,13.797746900958252,2.4904698498503097
2022-02-15,5.764444377321003,13.797746900958252,2.4904698498503097
2022-02-24,5.764444377321003,13.797746900958252,2.4904698498503097
2022-03-01,5.764444377321003,13.797746900958252,2.4904698498503097
2022-03-02,5.764444377321003,13.797746900958252,2.4904698498503097
2022-03-03,5.764444377321003,13.797746900958252,2.4904698498503097
2022-03-04,5.764444377321003,13.797746900958252,2.4904698498503097
2022-03-07,5.764444377321003,13.797746900958252,2.4904698498503097
2022-03-08,5.764444377321003,13.797746900958252,2.4904698498503097
2022-03-09,5.764444377321003,13.797746900958252,2.4904698498503097
2022-03-10,5.764444377321003,13.797746900958252,2.4904698498503097
2022-03-11,5.764444377321003,13.797746900958252,2.4904698498503097
2022-03-16,5.764444377321003,13.797746900958252,2.4904698498503097
2022-03-22,5.764444377321003,13.797746900958252,2.4904698498503097
2022-03-23,5.764444377321003,13.797746900958252,2.4904698498503097
2022-03-24,5.764444377321003,13.797746900958252,2.4904698498503097
2022-03-25,5.764444377321003,13.797746900958252,2.4904698498503097
2022-03-28,5.764444377321003,13.797746900958252,2.4904698498503097
2022-03-29,5.764444377321003,13.797746900958252,2.4904698498503097
2022-04-01,5.764444377321003,13.797746900958252,2.4904698498503097
2022-04-05,5.764444377321003,13.797746900958252,2.4904698498503097
2022-04-06,5.764444377321003,13.797746900958252,2.4904698498503097
2022-04-07,5.764444377321003,13.797746900958252,2.4904698498503097
2022-04-08,5.764444377321003,13.797746900958252,2.4904698498503097
2022-04-11,5.764444377321003,13.797746900958252,2.4904698498503097
2022-04-12,5.764444377321003,13.797746900958252,2.4904698498503097
2022-04-13,5.764444377321003,13.797746900958252,2.4904698498503097
2022-04-22,5.764444377321003,13.797746900958252,2.4904698498503097
2022-04-26,5.764444377321003,13.797746900958252,2.4904698498503097
2022-05-03,5.764444377321003,13.797746900958252,2.4904698498503097
2022-05-04,5.764444377321003,13.797746900958252,2.4904698498503097
2022-05-05,5.764444377321003,13.797746900958252,2.4904698498503097
2022-05-06,5.764444377321003,13.797746900958252,2.4904698498503097
2022-05-09,5.764444377321003,13.797746900958252,2.4904698498503097
2022-05-10,5.764444377321003,13.797746900958252,2.4904698498503097
2022-05-11,5.764444377321003,13.797746900958252,2.4904698498503097
2022-05-12,5.764444377321003,13.797746900958252,2.4904698498503097
2022-05-13,5.764444377321003,13.797746900958252,2.4904698498503097
2022-05-16,5.764444377321003,13.797746900958252,2.4904698498503097
2022-05-17,5.764444377321003,13.797746900958252,2.4904698498503097
2022-05-23,5.764444377321003,13.797746900958252,2.4904698498503097
2022-05-24,5.764444377321003,13.797746900958252,2.4904698498503097
2022-05-25,5.764444377321003,13.797746900958252,2.4904698498503097
2022-05-27,5.764444377321003,13.797746900958252,2.4904698498503097
2022-06-01,5.764444377321003,13.797746900958252,2.4904698498503097
2022-06-07,5.764444377321003,13.797746900958252,2.4904698498503097
2022-06-08,5.764444377321003,13.797746900958252,2.4904698498503097
2022-06-09,5.764444377321003,13.797746900958252,2.4904698498503097
2022-06-10,5.764444377321003,13.797746900958252,2.4904698498503097
2022-06-21,5.764444377321003,13.797746900958252,2.4904698498503097
2022-06-23,5.764444377321003,13.797746900958252,2.4904698498503097
2022-06-28,5.764444377321003,13.797746900958252,2.4904698498503097
2022-07-01,5.37356469472128,12.538176134347847,2.4621283204444384
2022-07-05,5.37356469472128,12.538176134347847,2.4621283204444384
2022-07-06,5.37356469472128,12.538176134347847,2.4621283204444384
2022-07-07,5.37356469472128,12.538176134347847,2.4621283204444384
2022-07-08,5.37356469472128,12.538176134347847,2.4621283204444384
2022-07-11,5.331592692512151,12.409510872261095,2.4590850547343313
2022-07-12,4.65626292254616,10.232625694731803,2.410118891011385
2022-07-13,4.65626292254616,10.232625694731803,2.410118891011385
2022-07-14,4.65626292254616,10.232625694731803,2.410118891011385
2022-07-21,4.65626292254616,10.232625694731803,2.410118891011385
2022-07-22,4.240371394174208,9.039079425381072,2.3799638266636767
2022-07-25,4.240371394174208,9.039079425381072,2.3799638266636767
2022-07-26,4.240371394174208,9.039079425381072,2.3799638266636767
2022-07-27,4.240371394174208,9.039079425381072,2.3799638266636767
2022-08-02,4.240371394174208,9.039079425381072,2.3799638266636767
2022-08-03,4.240371394174208,9.039079425381072,2.3799638266636767
2022-08-04,4.240371394174208,9.039079425381072,2.3799638266636767
2022-08-05,4.240371394174208,9.039079425381072,2.3799638266636767
2022-08-09,4.240371394174208,9.039079425381072,2.3799638266636767
2022-08-10,4.240371394174208,9.039079425381072,2.3799638266636767
2022-08-11,4.240371394174208,9.039079425381072,2.3799638266636767
2022-08-15,4.240371394174208,9.039079425381072,2.3799638266636767
2022-08-16,4.240371394174208,9.039079425381072,2.3799638266636767
2022-08-18,4.240371394174208,9.039079425381072,2.3799638266636767
2022-08-22,4.240371394174208,9.039079425381072,2.3799638266636767
2022-08-24,4.126931104488022,8.787783225606157,2.3270074167295025
2022-08-26,3.962270850180908,8.423023083721686,2.2501404063306856
2022-09-01,1.4147452126998123,1.6819576130401588,0.6949952703524716
2022-09-02,-0.10818118611376293,-1.0914591087180492,0.05517571309680391
2022-09-06,-1.4720603939348045,-4.563885125377688,-0.6650560236711577
2022-09-07,-1.9563962591507278,-6.287058862586909,-1.0882149255174567
2022-09-08,-2.105747777961883,-6.485327182035925,-1.1548503905938312
2022-09-09,-2.0915002286213378,-6.68940121673105,-1.2687186060044393
2022-09-12,-2.0913600524680067,-6.6898770466095545,-1.2698389115420041
2022-09-13,-2.0913600524680067,-6.6898770466095545,-1.2698389115420041
2022-09-14,-2.0708424481684458,-6.984103939165802,-1.433818198803952
2022-09-22,-2.7958443279544314,-8.869141306623616,-2.022409187070151
2022-09-23,-3.2903183829580573,-10.565435644789142,-2.423846729263135
2022-09-26,-4.197757703448742,-11.380741550209539,-2.6167934316387056
2022-09-27,-4.538605873140025,-12.493584206845089,-2.779606160412947
2022-09-28,-4.6912451829160124,-12.330295711688263,-2.5216953217284868
2022-10-03,-4.416720843449562,-12.596265199694038,-2.3145068057867397
2022-10-04,-4.457392339422667,-12.345501077669516,-2.2925765479652203
2022-10-05,-4.457392339422667,-12.345501077669516,-2.2925765479652203
2022-10-06,-4.117703409595537,-11.798811809838204,-2.2243828215523367
2022-10-07,-3.7357295434783064,-11.525818784421546,-2.147700248069221
2022-10-11,-4.50055237276306,-12.023766123234227,-2.4355891377523724
2022-10-12,-4.709980099419173,-12.852437931010193,-2.672257163255797
2022-10-13,-4.74074603064853,-12.65592735405333,-2.7070248242197246
2022-10-17,-4.657761158453532,-12.358387059652628,-2.7398464749778766
2022-10-18,-4.657761158453532,-12.358387059652628,-2.7398464749778766
2022-10-20,-4.627558402326375,-12.250095792677245,-2.7517920776801352
2022-10-24,-4.627558402326375,-12.250095792677245,-2.7517920776801352
2022-10-25,-4.627558402326375,-12.250095792677245,-2.7517920776801352
2022-11-01,-4.627558402326375,-12.250095792677245,-2.7517920776801352
2022-11-02,-4.627558402326375,-12.250095792677245,-2.7517920776801352
2022-11-03,-4.625544732706232,-12.242875827932403,-2.7525885115272506
2022-11-04,-4.593785059117688,-12.129002270262754,-2.765149896357327
2022-11-07,-4.593785059117688,-12.129002270262754,-2.765149896357327
2022-11-08,-4.531968004205522,-12.007639791643333,-2.774258867275303
2022-11-09,-4.302614467614711,-11.707072622387972,-2.6583432548350294
2022-11-10,-4.302614467614711,-11.707072622387972,-2.6583432548350294
2022-11-11,-4.302614467614711,-11.707072622387972,-2.6583432548350294
2022-11-14,-4.302614467614711,-11.707072622387972,-2.6583432548350294
2022-11-22,-4.302614467614711,-11.707072622387972,-2.6583432548350294
2022-11-25,-4.302614467614711,-11.707072622387972,-2.6583432548350294
2022-11-28,-4.302614467614711,-11.707072622387972,-2.6583432548350294
2022-12-01,-4.2138924091533845,-11.526892557429422,-2.5600648310862546
2022-12-02,-4.2138924091533845,-11.526892557429422,-2.5600648310862546
2022-12-06,-3.8414520713553957,-10.765339111429325,-2.129388341780646
2022-12-07,-3.8414520713553957,-10.765339111429325,-2.129388341780646
2022-12-08,-3.750889191450434,-10.360087326618157,-1.7925819683455422
2022-12-09,-3.587324681332967,-9.845994792316146,-1.402107854673076
2022-12-12,-3.587324681332967,-9.845994792316146,-1.402107854673076
2022-12-13,-3.334592614496122,-9.39285867307875,-1.1788658045701779
2022-12-22,-3.5704747079318038,-9.962578620437187,-1.1154591737674224
2022-12-23,-3.7029475930173947,-10.282536969195704,-1.3882665669311702
2023-01-03,-3.9963136202079785,-10.444812046031512,-1.9789858448997917
2023-01-04,-3.9970750746169887,-10.559491037136477,-2.189885365276317
2023-01-05,-3.9978740928170193,-10.953002914506113,-2.4111889038263485
2023-01-06,-3.9978740928170193,-10.953002914506113,-2.4111889038263485
2023-01-09,-3.788651677814399,-10.543520406420745,-2.1153075370198957
2023-01-10,-3.706147240836361,-10.38204572034796,-2.1032446914205365
2023-01-11,-3.6178143515390477,-10.084072480847055,-2.09032967685929
2023-01-12,-3.6178143515390477,-10.084072480847055,-2.09032967685929
2023-01-13,-3.6178143515390477,-10.084072480847055,-2.09032967685929
2023-01-17,-3.6107487869934007,-10.07060325110747,-2.08556782349796
2023-01-24,-3.6107487869934007,-10.07060325110747,-2.08556782349796
2023-01-25,-3.6107487869934007,-10.07060325110747,-2.08556782349796
2023-01-27,-3.6107487869934007,-10.07060325110747,-2.08556782349796
2023-01-30,-3.6107487869934007,-10.07060325110747,-2.08556782349796
2023-02-01,-3.6107487869934007,-10.07060325110747,-2.08556782349796
2023-02-02,-3.6107487869934007,-10.07060325110747,-2.08556782349796
2023-02-03,-3.6107487869934007,-10.07060325110747,-2.08556782349796
2023-02-07,-3.6107487869934007,-10.07060325110747,-2.08556782349796
2023-02-08,-3.6107487869934007,-10.07060325110747,-2.08556782349796
2023-02-09,-3.6107487869934007,-10.07060325110747,-2.08556782349796
2023-02-10,-3.6107487869934007,-10.07060325110747,-2.08556782349796
2023-02-16,-3.6107487869934007,-10.07060325110747,-2.08556782349796
2023-02-21,-3.623200844066939,-9.972375356998544,-2.2427793822575715
2023-02-24,-3.7265821603749534,-9.705587486672627,-3.548004517945527
2023-03-01,-3.8240050226375195,-9.810491064923418,-4.778002095427615
2023-03-02,-3.86955089309263,-9.60074348234328,-5.353034577773644
2023-03-03,-3.86955089309263,-9.60074348234328,-5.353034577773644
2023-03-06,-3.859848021261148,-9.571723121515415,-5.371412219070647
2023-03-07,-3.6958479589220308,-9.271946087045652,-5.682035132647162
2023-03-08,-3.535063915880587,-8.97804764014533,-5.986566772414914
2023-03-09,-3.9045168113097923,-8.983583965584872,-6.242151875624751
2023-03-10,-4.439333186482827,-9.24299713679405,-5.669902217321084
2023-03-15,-4.2948300525745235,-9.163071811601577,-4.46281750836601
2023-03-21,-4.2948300525745235,-9.163071811601577,-4.46281750836601
2023-03-23,-3.9952159827983826,-8.43116045645206,-3.6615472223460594
2023-03-24,-3.5954310907789195,-7.944024613042525,-3.12824838248916
2023-03-27,-3.5954310907789195,-7.944024613042525,-3.12824838248916
2023-03-28,-3.5954310907789195,-7.944024613042525,-3.12824838248916
2023-03-29,-3.5954310907789195,-7.944024613042525,-3.12824838248916
2023-04-03,-3.5954310907789195,-7.944024613042525,-3.12824838248916
2023-04-04,-3.5954310907789195,-7.944024613042525,-3.12824838248916
2023-04-05,-3.5954310907789195,-7.944024613042525,-3.12824838248916
2023-04-06,-3.5954310907789195,-7.944024613042525,-3.12824838248916
2023-04-11,-3.5954310907789195,-7.944024613042525,-3.12824838248916
2023-04-12,-3.5954310907789195,-7.944024613042525,-3.12824838248916
2023-04-13,-3.5954310907789195,-7.944024613042525,-3.12824838248916
2023-04-14,-3.5954310907789195,-7.944024613042525,-3.12824838248916
2023-04-18,-3.5954310907789195,-7.944024613042525,-3.12824838248916
2023-04-25,-3.552531847030623,-7.945529724596933,-3.0979111259014167
2023-05-02,-3.377774336678136,-7.812330238219187,-3.0227433213649015
2023-05-03,-3.377774336678136,-7.812330238219187,-3.0227433213649015
2023-05-04,-3.377774336678136,-7.812330238219187,-3.0227433213649015
2023-05-05,-3.377774336678136,-7.812330238219187,-3.0227433213649015
2023-05-09,-3.377774336678136,-7.812330238219187,-3.0227433213649015
2023-05-10,-3.377774336678136,-7.812330238219187,-3.0227433213649015
2023-05-11,-3.377774336678136,-7.812330238219187,-3.0227433213649015
2023-05-12,-3.377774336678136,-7.812330238219187,-3.0227433213649015
2023-05-15,-3.377774336678136,-7.812330238219187,-3.0227433213649015
2023-05-16,-3.377774336678136,-7.812330238219187,-3.0227433213649015
2023-05-22,-3.377774336678136,-7.812330238219187,-3.0227433213649015
2023-05-23,-3.377774336678136,-7.812330238219187,-3.0227433213649015
2023-05-24,-3.377774336678136,-7.812330238219187,-3.0227433213649015
2023-05-26,-3.377774336678136,-7.812330238219187,-3.0227433213649015
2023-06-01,-3.377774336678136,-7.812330238219187,-3.0227433213649015
2023-06-02,-3.377774336678136,-7.812330238219187,-3.0227433213649015
2023-06-06,-3.377774336678136,-7.812330238219187,-3.0227433213649015
2023-06-07,-3.377774336678136,-7.812330238219187,-3.0227433213649015
2023-06-08,-3.377774336678136,-7.812330238219187,-3.0227433213649015
2023-06-09,-3.377774336678136,-7.812330238219187,-3.0227433213649015
2023-06-12,-3.377774336678136,-7.812330238219187,-3.0227433213649015
2023-06-13,-3.377774336678136,-7.812330238219187,-3.0227433213649015
2023-06-22,-3.377774336678136,-7.812330238219187,-3.0227433213649015
2023-06-26,-3.377774336678136,-7.812330238219187,-3.0227433213649015
2023-07-03,-3.377774336678136,-7.812330238219187,-3.0227433213649015
2023-07-05,-3.377774336678136,-7.812330238219187,-3.0227433213649015
2023-07-06,-3.377774336678136,-7.812330238219187,-3.0227433213649015
2023-07-07,-3.377774336678136,-7.812330238219187,-3.0227433213649015
2023-07-10,-3.377774336678136,-7.812330238219187,-3.0227433213649015
2023-07-11,-3.377774336678136,-7.812330238219187,-3.0227433213649015
2023-07-12,-3.377774336678136,-7.812330238219187,-3.0227433213649015
2023-07-13,-3.377774336678136,-7.812330238219187,-3.0227433213649015
2023-07-18,-3.377774336678136,-7.812330238219187,-3.0227433213649015
2023-07-20,-3.377774336678136,-7.812330238219187,-3.0227433213649015
2023-07-24,-3.377774336678136,-7.812330238219187,-3.0227433213649015
2023-07-25,-3.377774336678136,-7.812330238219187,-3.0227433213649015
2023-07-26,-3.377774336678136,-7.812330238219187,-3.0227433213649015
2023-07-27,-3.377774336678136,-7.812330238219187,-3.0227433213649015
2023-08-02,-3.377774336678136,-7.812330238219187,-3.0227433213649015
2023-08-03,-3.377774336678136,-7.812330238219187,-3.0227433213649015
2023-08-04,-3.377774336678136,-7.812330238219187,-3.0227433213649015
2023-08-08,-3.377774336678136,-7.812330238219187,-3.0227433213649015
2023-08-09,-3.377774336678136,-7.812330238219187,-3.0227433213649015
2023-08-10,-3.377774336678136,-7.812330238219187,-3.0227433213649015
2023-08-11,-3.377774336678136,-7.812330238219187,-3.0227433213649015
2023-08-15,-3.377774336678136,-7.812330238219187,-3.0227433213649015
2023-08-17,-3.354626061347005,-7.8851051834150665,-3.2664513335850796
2023-08-22,-3.354626061347005,-7.8851051834150665,-3.2664513335850796
2023-08-24,-3.354626061347005,-7.8851051834150665,-3.2664513335850796
2023-08-29,-3.354626061347005,-7.8851051834150665,-3.2664513335850796
2023-09-01,-3.354626061347005,-7.8851051834150665,-3.2664513335850796
2023-09-05,-3.354626061347005,-7.8851051834150665,-3.2664513335850796
2023-09-06,-3.354626061347005,-7.8851051834150665,-3.2664513335850796
2023-09-07,-3.354626061347005,-7.8851051834150665,-3.2664513335850796
2023-09-08,-3.354626061347005,-7.8851051834150665,-3.2664513335850796
2023-09-11,-3.354626061347005,-7.8851051834150665,-3.2664513335850796
2023-09-12,-3.354626061347005,-7.8851051834150665,-3.2664513335850796
2023-09-13,-3.354626061347005,-7.8851051834150665,-3.2664513335850796
2023-09-21,-3.354626061347005,-7.8851051834150665,-3.2664513335850796
2023-09-22,-3.354626061347005,-7.8851051834150665,-3.2664513335850796
2023-09-25,-3.354626061347005,-7.8851051834150665,-3.2664513335850796
2023-09-26,-3.409754134975121,-8.06576025821985,-3.670792760741314
2023-10-02,-3.463763650698317,-8.097489839873012,-3.817825613710914
2023-10-03,-3.6560500196914534,-8.335621668240217,-4.341296580662825
2023-10-04,-3.7555415350164743,-8.384805051509224,-4.612147395535504
2023-10-05,-3.802900110892419,-8.697714373457629,-5.268471056227153
2023-10-06,-3.797416652817662,-8.692949288158589,-5.28712620926545
2023-10-10,-3.797416652817662,-8.692949288158589,-5.28712620926545
2023-10-11,-3.797416652817662,-8.692949288158589,-5.28712620926545
2023-10-12,-3.797416652817662,-8.692949288158589,-5.28712620926545
2023-10-16,-3.797416652817662,-8.692949288158589,-5.28712620926545
2023-10-17,-3.797416652817662,-8.692949288158589,-5.28712620926545
2023-10-23,-3.8307620425716014,-9.072691780512681,-5.569066679426321
2023-10-24,-3.843691032873297,-9.143533801762592,-5.678383308539488
2023-10-25,-3.869096695271021,-9.445274350319696,-5.893192145803609
2023-10-27,-4.23048213205126,-9.878536921509346,-5.9113059677469435
2023-11-01,-4.221600226763998,-9.8446814479472,-5.91472389861649
2023-11-02,-4.221600226763998,-9.8446814479472,-5.91472389861649
2023-11-03,-4.221600226763998,-9.8446814479472,-5.91472389861649
2023-11-06,-4.221600226763998,-9.8446814479472,-5.91472389861649
2023-11-07,-4.221600226763998,-9.8446814479472,-5.91472389861649
2023-11-08,-4.221600226763998,-9.8446814479472,-5.91472389861649
2023-11-09,-4.221600226763998,-9.8446814479472,-5.91472389861649
2023-11-10,-4.221600226763998,-9.8446814479472,-5.91472389861649
2023-11-13,-4.221600226763998,-9.8446814479472,-5.91472389861649
2023-11-14,-4.221600226763998,-9.8446814479472,-5.91472389861649
2023-11-20,-4.221600226763998,-9.8446814479472,-5.91472389861649
2023-11-22,-4.221600226763998,-9.8446814479472,-5.91472389861649
2023-11-27,-4.221600226763998,-9.8446814479472,-5.91472389861649
2023-11-28,-4.221600226763998,-9.8446814479472,-5.91472389861649
2023-12-01,-4.221600226763998,-9.8446814479472,-5.91472389861649
2023-12-05,-4.221600226763998,-9.8446814479472,-5.91472389861649
2023-12-06,-4.221600226763998,-9.8446814479472,-5.91472389861649
2023-12-07,-4.221600226763998,-9.8446814479472,-5.91472389861649
2023-12-08,-4.221600226763998,-9.8446814479472,-5.91472389861649
2023-12-11,-4.221600226763998,-9.8446814479472,-5.91472389861649
